,Destination,Purchase_Count,Destination_Names
458,2037791,1,Brett Higgins
146,2037741,1,Justin Harvey
147,2037815,1,Winnie Klein
324,2037873,1,Danielle Yu
323,2037947,1,Belle Houston
150,2037944,1,Diamond Olexa
320,2037874,1,Dorotha Mosey
318,2037957,1,Aisha Misner
317,2037960,1,Andy Geyette
316,2037855,1,Tonia Anawalt
158,2043367,1,Kaitlyn Focke
315,2040308,1,Sadie Elliott
329,2037928,1,Caroline Stanley
160,2037979,1,Loree Acero
162,2037977,1,Lizzie Cross
163,2037886,1,Juan Cabiltes
313,2037767,1,Natalia Macomber
312,2037843,1,Pamella Schroy
311,2037857,1,Claude Chesterfield
310,2037841,1,Elsie Potter
168,2037945,1,Bernice Figueroa
307,2040993,1,Mamie Wheeler
171,2037983,1,Shannan Fesenbek
306,2037749,1,Jewell Maiorano
304,2037711,1,David Simon
314,2037881,1,Hester Parsons
175,2041367,1,Effie Freeman
331,2037923,1,Minnie Hopkins
332,2040313,1,Mac Berisha
113,2044046,1,Jenee Pentecost
355,2037804,1,Cody Mullins
354,2038124,1,Bettie Vargas
116,2037762,1,Laura Cox
117,2038058,1,Shela Cordoza
353,2038181,1,Ernestina Paskow
351,2037907,1,Sherita Herkel
349,2038099,1,Cristopher Oehlschlager
348,2037908,1,Leila Wade
246,2043969,1,Ricky Curry
345,2037909,1,Regenia Macabeo
141,2038020,1,Jane Alvarado
344,2037948,1,Cortez Rapin
341,2037916,1,Elizabeth Conner
339,2038136,1,Bertha Beachell
338,2037778,1,Willie Fowler
337,2037969,1,Curtis Stone
132,2037756,1,Daisy Briggs
133,2040595,1,Armida Tatu
336,2037844,1,Shelli Auther
135,2037893,1,Chauncey Micco
335,2037898,1,Adeline Walsh
137,2038006,1,Leo Nelson
334,2037710,1,Angelica Tankard
342,2037911,1,Callie Roberson
112,2040551,1,Samuel Herting
176,2037996,1,Eugena Shikuma
178,2040345,1,Marilynn Estergard
273,2038151,1,Micheline Blagg
271,2037884,1,Shanna Susko
270,2038009,1,Johnathon Kotterna
269,2037779,1,Carrie Carson
219,2037885,1,Edwin Payne
268,2038080,1,Ralph Summers
221,2037894,1,Juana Newland
266,2037985,1,Hilda Ballard
223,2038085,1,Ann Nash
224,2037792,1,Trula Artibee
225,2040586,1,Randell Xyong
214,2038083,1,Starla Grisham
265,2037982,1,Jefferson Quintana
228,2037840,1,Kyle Wade
457,2037899,1,Carter Ingalsbe
261,2037973,1,Jolyn Khauv
232,2037988,1,Song Lamonte
234,2040315,1,Chara Bahar
235,2037849,1,Twyla Flahaven
237,2037738,1,Leisha Lerwill
238,2037773,1,Verna Pratt
258,2037739,1,Ji Niffenegger
253,2037814,1,Clay Thomes
249,2038128,1,Johnie Suchla
264,2037959,1,Myung Eddins
303,2037935,1,Roger Hughes
274,2038004,1,Sasha Lukman
276,2037799,1,Joel Mason
179,2037714,1,Kristal Kilborne
302,2038105,1,Ina Elliott
301,2038167,1,Elizabeth Ramsey
299,2037801,1,Cordelia Fernandez
298,2038086,1,Lyda Kelton
185,2038130,1,Mackenzie Inzunza
187,2037709,1,Chance Jorda
295,2037966,1,Thomas Nunez
294,2037913,1,Edna Santos
293,2038095,1,Sara Hill
290,2037846,1,Dione Mettlen
275,2037715,1,Demetrice Emmerling
289,2037834,1,Richard Howell
196,2037753,1,Melvin Suchanek
198,2037974,1,Emiko Dyreson
284,2038110,1,Lavone Manglona
201,2037719,1,Katheleen Bergsten
279,2037752,1,Stacey Simmonds
278,2040593,1,Elayne Purwin
205,2037867,1,Malcolm Laforte
206,2037722,1,Lura Sandovar
207,2044028,1,Violet Lewis
208,2038132,1,Deneen Chaudoin
209,2037809,1,Marylou Strausz
286,2038064,1,Grace Owen
111,2040391,1,Cecila Hendee
347,2040382,1,Estelle Reyes
356,2037906,1,Trena Gagen
427,2050630,1,Peter Richardson
426,2038082,1,Sophia Salazar
425,2037737,1,Edith Carroll
35,2038034,1,Martina Krane
424,2037802,1,Suanne Legrande
422,2038088,1,Ty Straughter
421,2037833,1,Marianela Chinskey
420,2037854,1,Phillip Hunt
419,2037772,1,Francisco Rothschild
418,2037702,1,Joel Olson
417,2037926,1,Mariette Poynor
428,2050522,1,Alma Borok
44,2038087,1,Christina Stevenson
416,2038158,1,Clair Lotz
413,2037746,1,Nicholas Newton
412,2037818,1,Leah Erickson
411,2037757,1,Mason Schutzman
410,2037858,1,Leonard Douglas
110,2038027,1,Inga Ozimek
408,2037963,1,William Peterson
56,2037991,1,Lavonna Feasel
405,2037707,1,Miguel Thornton
404,2038121,1,Columbus Bouillion
403,2038174,1,Jules Awalt
45,2041817,1,Katie Owen
429,2037819,1,Lavina Rocha
430,2038129,1,Marion Schwartz
431,2040583,1,Houston Poulton
456,2037839,1,Maria Robinson
455,2037897,1,Rena Wilson
454,2038184,1,Lelia Rogel
453,2037937,1,Micheal Kapral
452,2040468,1,Matthew Howell
451,2037919,1,Cecelia Marsh
450,2043997,1,Josephine Reed
449,2043981,1,Thora Beltrami
448,2038150,1,Susie Daniels
446,2038055,1,Harvey Frazier
445,2041810,1,Lucille Morales
444,2037950,1,Lillian Kennedy
443,2037918,1,Ruby Davidson
15,2038047,1,Man Maxedon
442,2038134,1,Kendra Stash
441,2038125,1,Jung Caselli
440,2037837,1,Geri Nager
439,2037733,1,Ellis Gabeline
438,2038003,1,Jenice Savaria
437,2037736,1,Ashlee Schur
436,2040626,1,Travis Conner
434,2037734,1,Pam Perrott
433,2037685,1,Wanda Reddinger
432,2037848,1,Ina Obrien
27,2037853,1,Ollie Rivera
402,2038179,1,Bettie Steele
401,2037892,1,Jeanette Malone
247,2038096,1,Lavenia Daddona
380,2038101,1,Jordan Elliott
367,2037902,1,Rory Ockmond
385,2037845,1,Pinkie Vanandel
384,2038077,1,Reta Klimkowicz
363,2040317,1,Cassaundra Arthun
383,2037693,1,Leila Bishop
382,2038056,1,Elinor Heckerman
381,2038090,1,Lurlene Cherian
400,2037971,1,Lucille Wise
364,2037692,1,Elida Talarico
365,2038119,1,Hulda Owen
386,2037891,1,Grace Farmer
379,2041373,1,Valeria Batrum
376,2037993,1,Armand Adside
375,2038033,1,Marion Leonard
374,2037869,1,Ivelisse Butkovich
373,2037917,1,Luke Gross
372,2037931,1,Somer Lofthouse
371,2037747,1,Lou Klimaszewski
370,2037803,1,Minh Orcutt
94,2037786,1,Ann Kingshott
369,2037976,1,Loise Gladhill
368,2037956,1,Jon Obrien
378,2040572,1,Eddy Faerber
387,2037910,1,Nina Carr
361,2038165,1,Candice Runge
392,2037863,1,Tony Roberts
399,2037842,1,Cody Thomas
64,2038023,1,Mayme Moreno
398,2038068,1,Santana Horak
397,2037882,1,Rosa Cobb
67,2043386,1,Jina Seiders
396,2043976,1,Randy Berry
395,2037888,1,Pearl Bell
394,2038117,1,Ann Harvey
393,2037789,1,Bailey Shoddie
103,2040609,1,Monty Ashmen
391,2037866,1,Opal Mock
366,2037852,1,Ophelia Butler
388,2037914,1,Myrtle Lawrence
390,2037743,1,Shanice Nakahara
360,2040438,1,Liberty Nuzum
359,2037904,1,Yong Leyra
106,2037986,1,Dora Atkins
389,2043973,1,Whitney Rissman
358,2037905,1,Melva Vassell
252,2038028,2,Neville Roya
357,2038057,2,Oliver Leuthe
260,2037865,2,Evelia Duer
346,2037970,2,Brenton Trucker
250,2038102,2,Louis Ottman
251,2038172,2,Duane Sylva
262,2038171,2,Troy Morton
447,2038031,2,Kia Halonen
254,2041379,2,Jeremy Cravalho
350,2037901,2,Tony Daffron
259,2038175,2,Noelle Amarante
308,2038043,2,Nestor Olguin
277,2037965,2,Viki Shoulders
305,2037793,2,Merry Blevans
406,2040631,2,Jorge Burns
407,2037720,2,Neal Blazon
297,2037696,2,Cinthia Plante
415,2037735,2,Genia Newmyer
296,2037936,2,Vicky Goy
319,2037828,2,Bennett Hess
321,2038048,2,Jeanice Friar
435,2038108,2,Conrad Mira
322,2038089,2,Jason Jimenez
287,2040592,2,Adam Ruiz
285,2038156,2,Merry Diodonet
423,2037860,2,Carlos Morris
283,2040601,2,Jorge Patrick
282,2037836,2,Ossie Barbeau
325,2037797,2,Rolande Hargreaves
326,2038091,2,Odell Surrey
333,2037922,2,Tawny Rapko
288,2037718,2,Aaron Cilva
409,2037759,2,Clotilde Kinstle
229,2038011,2,Letty Pontiff
248,2038097,2,Hannelore Javarone
114,2038054,2,Dennise Kinkella
165,2037992,2,Darci Rodrigus
202,2040590,2,Duane Harper
124,2037972,2,Keli Kehn
197,2037856,2,Elizebeth Berliew
128,2038024,2,Carl Coxon
129,2037740,2,Malik Rolland
131,2037770,2,Grazyna Hustead
136,2037968,2,Jame Wytch
140,2040392,2,Kerry Jinkerson
189,2038173,2,Alma Murray
210,2037933,2,Louise Stevens
186,2037850,2,Cora Hart
182,2040577,2,Jeremiah Farmer
155,2037823,2,Kerry Menousek
157,2037717,2,Clara Singleton
180,2037861,2,Jewell Dronet
177,2040557,2,Alexander Sanchez
159,2037987,2,Brunilda Colesar
173,2037794,2,Erinn Anewalt
172,2038071,2,Renee Knightstep
161,2037999,2,Fannie Andrews
169,2037984,2,Owen Ortega
164,2037997,2,Edgar Lawson
149,2047240,2,Duane Owens
105,2037780,2,Maggie Manning
166,2037697,2,Mary Brewer
98,2041386,2,Carry Daryanl
236,2037798,2,Carroll Hyrkas
239,2037880,2,Emilio Cokel
61,2038111,2,Lai Okelberry
81,2037967,2,Charley Offermann
226,2038063,2,Carmen Ting
83,2037761,2,Anna Morren
233,2040594,2,Christian Zierenberg
220,2040344,2,Connor Fernandez
68,2037695,2,Chasidy Clampitt
87,2037938,2,Major Stokey
89,2038061,2,Virginia Wheeler
17,2038012,2,Perla Matney
95,2038053,2,Kenneth Little
215,2038126,2,Sudie Hulslander
244,2040312,2,Eleonore Mikelsen
241,2038159,2,Albert Doshier
39,2038014,3,Wesley Andaverde
30,2038032,3,Priscila Gooch
414,2037766,3,Gregory Russell
33,2038035,3,Corazon Ney
80,2038026,3,Victoria Woods
77,2037688,3,Gordon Perez
328,2037958,3,Russell Sterr
362,2037781,3,Reyna Eclarinal
143,2038000,3,Fern Przybycien
330,2038100,3,Wenona Bradmon
86,2037742,3,Sophia Medina
340,2038149,3,Darius Jinks
377,2038180,3,Rosalyn Maclay
121,2038016,3,Davina Perrota
352,2037777,3,Carlo Castillero
107,2038152,3,Viola Vasquez
327,2038141,3,Randy Pena
245,2037955,3,Ollie Lindsey
118,2037763,3,Maryrose Schryver
188,2038138,3,Tyree Barreneche
227,2037868,3,Kate Burton
263,2038062,3,Ozell Lampkins
167,2038162,3,Sasha Papagni
272,2040309,3,Eric Schneider
204,2037998,3,Emilia Zanin
213,2038122,3,Francina Jinkens
257,2037851,3,Deon Boldman
300,2038017,3,Octavia Rallison
267,2040630,3,Alberto Osbourn
255,2037920,3,Julieann Terheggen
217,2038084,3,Jeannine Riccardi
192,2037788,3,Miesha Ostrum
292,2037932,3,Janie Roberson
291,2038072,4,Toccara Kempa
191,2038144,4,Iva Cook
122,2037691,4,Mary Robinson
195,2038051,4,Anastacia Suri
231,2037784,4,Sierra Denherder
190,2038131,4,Diamond Hollenbach
343,2037990,4,Susana Ganser
242,2038079,4,Denna Slemmer
183,2037771,4,Sherrell Macdonald
280,2038050,4,Andre Gregory
73,2041370,4,Griselda Protain
156,2037821,4,Daniela Oharra
170,2037994,4,Lola Wilson
123,2037750,5,Joann Wallgren
199,2037915,5,Chris Jefferson
104,2037981,5,Harrison Chalaban
91,2037989,5,Karisa Filosa
256,2037700,5,Gene Marsh
134,2038070,5,Tyler Miles
243,2037690,5,Donald Washington
82,2037975,5,Kenneth Holt
142,2038005,5,Felton Lawcewicz
144,2040454,5,Rosendo Esteve
148,2038154,5,Luis Higgins
230,2040349,5,Andria Tumulty
75,2037859,5,Eric Atkins
211,2037689,5,Aisha Stafford
218,2044645,6,Oscar Hutley
47,2037769,6,Floy Warholic
99,2038007,6,Carolyn Hines
72,2038001,6,Gabrielle Iarussi
71,2037824,6,Demetria Mckibbens
216,2037978,6,Wayne Ahne
309,2040467,6,Frederica Guillan
18,2037820,6,Cristina Leber
181,2037708,6,Marya Stetler
153,2037877,6,Seymour Johndrow
152,2037698,6,Betty Summers
20,2037847,6,Manuel Allison
281,2037941,6,Yon Shilleh
240,2037870,6,Hettie Gray
96,2038013,7,Gabriella Striegel
101,2037808,7,Elvis Drilling
200,2038078,7,Cordelia Critcher
126,2037774,7,Nannie Bennett
109,2038092,8,Norman Shaw
16,2040550,8,Bradley Daniel
42,2038139,8,Roy Rhodes
194,2037943,8,Johnnie Enslow
222,2038127,8,Harris Dearmas
102,2040378,8,Lashaunda Mautone
120,2038075,8,Dustin Poskitt
174,2040591,9,Kenny Miskiewicz
70,2045457,9,Armand Millerbernd
203,2038021,9,Lilli Samsel
145,2037701,9,Lola Lloyd
184,2037876,9,Jamika Glines
60,2038049,9,Jake Dececco
125,2038059,9,Irwin Ellender
92,2038045,10,Ashly Reischl
48,2038029,10,Martine Hanlin
55,2037748,11,Amy Malone
62,2038030,11,Amelia Becker
154,2037952,11,Willie Byrd
151,2038018,12,Lynelle Skildum
59,2040390,12,Alvaro Beers
38,2037872,12,Sophia Blair
108,2038019,13,Carolyn Howard
12,2037704,13,Charlsie Lesa
79,2037927,14,Blanche Mason
78,2040582,14,Stephen Peterson
100,2038022,15,Rocky Hassett
130,2038060,15,Roberto Amphy
24,2038044,15,Sidney Simien
193,2038164,16,Kimbery Demmert
57,2037962,16,Charmain Olenick
119,2038166,17,Mattie Perez
52,2038025,18,Miriam Franch
54,2038145,19,Lola Haynes
23,2040585,19,Rita Cassem
93,2038160,20,Suzette Sienicki
58,2037835,22,Benjamin Rimbach
212,2038137,22,Magdalena Gehm
84,2037811,22,Steven Nichols
85,2040597,23,Dwayne Fyock
43,2040314,23,Dora Resek
139,2040311,23,Kirby Liter
49,2038170,24,Karrie Tennent
90,2037912,25,Winnie Byrd
25,2037896,25,Catrice Reho
88,2037687,25,Lessie Tutor
7,2038040,25,Anastacia Henriques
40,2038041,25,Chi Eichhorst
50,2038148,26,Milly Kokesh
46,2040490,27,Carli Agostino
34,2038147,28,Brandon Carr
97,2038046,30,Nerissa Ovalles
138,2037871,30,Cynthia Knight
14,2040310,31,Melvin Washington
69,2040578,33,Forrest Murrah
10,2038015,34,Maude Hammond
65,2037725,35,Vanesa Chartier
127,2037934,38,Galen Granelli
76,2038010,40,Rochel Mirr
51,2038143,41,Marguerite Rivera
63,2037816,43,Mabel Gilbert
41,2038178,51,Demetria Murff
115,2037758,53,Christeen Gulliver
74,2038002,61,Janette Laffoon
11,2037706,70,Amal Horman
66,2037825,75,Rodney Mason
36,2038008,76,Cora Douglas
26,2038052,81,Tom Langman
22,2037832,82,Shaunte Wair
21,2037924,87,Juli Grossmeyer
13,2038073,87,Melvin Taliman
29,2038042,90,Ardella Slifko
9,2037930,118,Jenae Muldowney
53,2040484,130,Dina Arrojo
31,2038076,133,Cira Brookshire
32,2038176,179,Corey Jefferson
19,2037699,193,Lois Dixon
8,2037760,210,Robert Wallace
4,2040623,210,Micha Werries
28,2037754,272,Celina Orellama
37,2037827,392,Brittanie Spadlin
6,2037694,990,Ernest Patterson
2,2037744,1902,Miesha Lettsome
1,2040624,2385,Torri Devilliers
3,2038155,2590,Brandon Bradley
5,2040339,4798,Fairy Boratko
0,2040565,745027,Gail Feindt
