Angelic Graetz,109.0
Beth Wilensky,59.0
Anjelica Hoger,57.0
Cora Gonzalez,46.0
Prudence Rosol,14.0
Cecilia Pichette,9.0
Zachary Hampton,8.0
Donte Smiglewski,5.0
Errol Eklov,3.0
Layla Mostad,2.0
Sherilyn Coopwood,2.0
Erich Induddi,1.0
Gerald Milas,1.0
Glayds Diefendorf,1.0
Devin Kelley,1.0
Dotty Magowan,1.0
Gerard Kormos,1.0
Georgie Miyataki,1.0
Edgar McCormick,1.0
Dylan Reeves,1.0
Gene Kelly,1.0
Garrett Podmore,1.0
Grady Hadel,1.0
Fonda Bursch,1.0
Fidel Bearman,1.0
Etha Lehnherr,1.0
Glen Reese,1.0
Ha Bennett,1.0
Grisel Joy,1.0
Gwen Ortman,1.0
Jazmine Elms,1.0
January Kolopajlo,1.0
Janie Garner,1.0
Janet Hughey,1.0
Jacinto Schoeb,1.0
Jacinto Brohawn,1.0
Iva Garcia,1.0
Isaac Crawford,1.0
Hong Ramiez,1.0
Hillary Kleckley,1.0
Hester Libertini,1.0
Herman Todd,1.0
Helena Andrews,1.0
Haywood Houts,1.0
Harvey Little,1.0
Harriett Irimata,1.0
Harold Trnka,1.0
Hang Sarensen,1.0
Derek Holland,1.0
Derek Stephens,1.0
Deanna Getchius,1.0
Dennis Sims,1.0
Angele Moch,1.0
Berry Fenger,1.0
Benjamin Vasquez,1.0
Arnette Kiili,1.0
Ardith Coressel,1.0
Antonio Martinez,1.0
Angila Westbury,1.0
Angelica Cacioppo,1.0
Angelena Dorminey,1.0
Anette Cezar,1.0
Dena Haulbrook,1.0
Anderson Megee,1.0
Amada Faul,1.0
Allie Roy,1.0
Allie Fowler,1.0
Alice Smith,1.0
Ali Barnet,1.0
Alexander Bonier,1.0
Adrian Thornton,1.0
Beulah Wong,1.0
Brant Paganico,1.0
Brigid Cromeans,1.0
Britteny Taddonio,1.0
Delmy Appert,1.0
Jena Wojcicki,1.0
Curtis Guzman,1.0
Creola Minges,1.0
Corinne Janowski,1.0
Cody Douglas,1.0
Clayton Craig,1.0
Claudie Croff,1.0
Christopher Matthews,1.0
Christine Lawrence,1.0
Christian Kassebaum,1.0
Chere Senatore,1.0
Chase Hamilton,1.0
Charleen Chiprean,1.0
Catherine Castillo,1.0
Candie Abdulmateen,1.0
Calandra Trevethan,1.0
Jeffery Rodriguez,1.0
Jessie Carlson,1.0
Jerome Braaten,1.0
Nettie Baker,1.0
Russ Hux,1.0
Rosemarie Dirth,1.0
Rosalie Chavez,1.0
Renae Hilbrand,1.0
Rebeca Chianese,1.0
Ray Chow,1.0
Polly Abbott,1.0
Phillis Pipes,1.0
Perla Haskovec,1.0
Pearl Keller,1.0
Pearl Holloway,1.0
Paulita Fecat,1.0
Pauline Owens,1.0
Ozella Cesar,1.0
Ona Cheshire,1.0
Ollie Norton,1.0
Olive Gibbs,1.0
Norman Russell,1.0
Nicholas Durman,1.0
Russ Wesolick,1.0
Salome Bomer,1.0
Shana Waaga,1.0
Timothy Gibson,1.0
Wilber Tworek,1.0
Viva Pownall,1.0
Vinita Lagrave,1.0
Vickie Barick,1.0
Velvet Tavana,1.0
Tyrone Mundziak,1.0
Torie Wharton,1.0
Toby Fromberg,1.0
Tiesha Vanderkam,1.0
Shane Mcconchie,1.0
Thomas Cannon,1.0
Theresia Prochazka,1.0
Tandra Caldron,1.0
Sung Linhart,1.0
Sueann Glaude,1.0
Stanley Ryan,1.0
Sophie Markou,1.0
Shirley Devilliers,1.0
Nicholas Boham,1.0
Nereida Fehlman,1.0
Yetta Vitt,1.0
Nenita Rehfield,1.0
Lilly Sharp,1.0
Leonida Dillie,1.0
Leila Perkins,1.0
Lee Stred,1.0
Lawrence Fredette,1.0
Latrina Otomo,1.0
Lakisha Halward,1.0
Kum Terrian,1.0
Kimberly Dubree,1.0
Kevin Vaughn,1.0
Keila Barera,1.0
Karyl Snobeck,1.0
Kalyn Bloczynski,1.0
Juanita Koeck,1.0
Juan Kelly,1.0
Joseph Willis,1.0
Johnny Gibson,1.0
Johnny Carter,1.0
Johnny Blake,1.0
Lisandra Bazner,1.0
Logan Bradley,1.0
Lucy Kelley,1.0
Mariann Mcelhone,1.0
Nena Canevazzi,1.0
Nathaniel Distad,1.0
Myra Garza,1.0
Mitchell Hornberg,1.0
Milton Stephens,1.0
Matthew Oliver,1.0
Marya Burwell,1.0
Marline Duster,1.0
Marian Caldwell,1.0
Luis Pope,1.0
Mari Lovenbury,1.0
Mari Drong,1.0
Margaret Gilhuly,1.0
Majorie Collette,1.0
Lynne Degelbeck,1.0
Lura Fox,1.0
Lulu Franklin,1.0
Luis Sliva,1.0
Adam Gill,1.0
