Cora Cross,1384.0
Trevor Webb,36.0
Jerome Jordan,14.0
Alexander Stevenson,2.0
Roselia Lauer,2.0
Celsa Combe,2.0
Vina Rabeck,2.0
Vina Bohlken,2.0
Jerry Kleindienst,2.0
Francesco Padula,2.0
Brian Carroll,2.0
Chanell Luciano,2.0
Herman Delaware,2.0
Pearle Fedrick,2.0
Rosa White,2.0
Hortensia Dahme,2.0
Anabel Coston,2.0
Chase Hines,2.0
Junko Alman,2.0
Angelica Chae,2.0
Emilie Anderson,2.0
Terry Weinburg,2.0
Erin Suddarth,2.0
Emily Salazar,2.0
Christopher Goode,2.0
Lee Sanchez,2.0
Cicely Hervol,2.0
Clayton Morrison,2.0
Marg Gaboriault,2.0
Lavona Smola,2.0
Elnora Albarez,2.0
Raina Hearl,2.0
Eula Screen,2.0
Anne Mershon,2.0
Cole Porter,2.0
Cecelia Gomez,2.0
Sophie Collier,2.0
Deeanna Efron,2.0
Darwin Clute,2.0
Sabine Braunberger,2.0
Wesley Bates,2.0
Wilson Fregeau,2.0
Shavonne Whitker,2.0
Akilah Westphal,2.0
Minnie Brady,2.0
Della Peterson,2.0
Sharda Delancy,2.0
Kathey Purwin,2.0
Gertrude Goodman,2.0
Wallace Dutta,2.0
Carl Wms,2.0
Wilhelmina Nybo,2.0
Lucy Herrera,2.0
Shane Labella,2.0
Georgie Wong,1.0
Georgina Brech,1.0
Eunice Adams,1.0
Eugenio Wagle,1.0
Eugenia Roy,1.0
Georgie Quinn,1.0
Eugene Griffith,1.0
Gabriel Morton,1.0
Ethel Bailey,1.0
Essie Baldwin,1.0
Gita Aranjo,1.0
Gisela Oscar,1.0
Ernest Dunn,1.0
Eryn Lubahn,1.0
Gerry Yellow,1.0
Gerri Macomb,1.0
Essie Ray,1.0
Gerald Urquidi,1.0
Estefana Oleson,1.0
Estelle Schwartz,1.0
Estelle Walton,1.0
Esther Patolot,1.0
Geralyn Ploeger,1.0
Eunice Larson,1.0
Georgie Miyataki,1.0
Evan Dekruif,1.0
Eunice Watson,1.0
Erich Induddi,1.0
Gabriel McDaniel,1.0
Gabriella Seburg,1.0
Gabriel Lowe,1.0
Freida Conninghan,1.0
Freeman Clavey,1.0
Fredrick Bornman,1.0
Frederick Hopkins,1.0
Garrett Rodriguez,1.0
Frankie Herd,1.0
Francis McGuire,1.0
Gaylene Kubik,1.0
Gaylord Nellenback,1.0
Forrest Grasmick,1.0
Gaynell Corkill,1.0
Eustolia Linz,1.0
Gene Floyd,1.0
Forest Busbey,1.0
Floy Villagran,1.0
Florencio Kruckenberg,1.0
Florence Seawright,1.0
Fernanda Peals,1.0
Fay Megown,1.0
Georgianne Sakal,1.0
Fannie Stewart,1.0
Ezekiel Suddreth,1.0
Evelyn Riley,1.0
Evan Nelson,1.0
Eva Baldwin,1.0
Erin Eckrich,1.0
Elsie Lloyd,1.0
Erasmo Jiles,1.0
Duncan Suglia,1.0
Dorothy Lowe,1.0
Dorsey Eychaner,1.0
Dorthy Gamet,1.0
Douglas Gibbs,1.0
Drema Krieg,1.0
Duane Quinn,1.0
Dulce Cywinski,1.0
Dusty Huskins,1.0
Dorie Ramcharran,1.0
Dylan Alexander,1.0
Earle Arizzi,1.0
Easter Cocoros,1.0
Eddie Evans,1.0
Eddie Gomez,1.0
Eddie Rodriguez,1.0
Edgar Lupez,1.0
Dorothea Colpitts,1.0
Dorian Jay,1.0
Edison Pagni,1.0
Dominque Krack,1.0
Diane Terrasas,1.0
Dione Smithers,1.0
Dixie Brunetti,1.0
Dollie Robbins,1.0
Dominic Dennis,1.0
Dominque Granzow,1.0
Dominque Koslan,1.0
Dominque Krapf,1.0
Dora Wells,1.0
Don Tucker,1.0
Donald Luna,1.0
Donald Pena,1.0
Donald Ramsey,1.0
Donette Wauch,1.0
Dong Kayrouz,1.0
Donnell Hamada,1.0
Edison Lothrop,1.0
Edith Casey,1.0
Enriqueta Sperling,1.0
Glen Jimenez,1.0
Elizabeth Floyd,1.0
Elizabeth Pena,1.0
Ella Santiago,1.0
Ellen McCoy,1.0
Elmer Abbott,1.0
Elmer McKinney,1.0
Elsie Castillo,1.0
Elva Chernow,1.0
Eliza Hicks,1.0
Elza Kou,1.0
Elza Orrick,1.0
Emerald Barnak,1.0
Emilee Kiah,1.0
Emilie Harmon,1.0
Emily Griffith,1.0
Enrique Lehigh,1.0
Elizabeth Carroll,1.0
Eliza Ball,1.0
Edith French,1.0
Effie Lathern,1.0
Edith Martin,1.0
Edith Osborne,1.0
Edris Shorrock,1.0
Edward Lamb,1.0
Edwardo Brause,1.0
Edwina Dandurand,1.0
Edythe Gingerich,1.0
Eileen Constine,1.0
Elinor Karsten,1.0
Elana Nurnberger,1.0
Eldora Gormont,1.0
Elenor Liverance,1.0
Eleonor Commendatore,1.0
Eleonore Haddow,1.0
Eleonore Hipkins,1.0
Elijah Hayes,1.0
Glen Christensen,1.0
Gregory Yaggi,1.0
Glen Letsche,1.0
Jeanette Holmes,1.0
Jeanie Norling,1.0
Jeff Sharp,1.0
Jeffery Bridges,1.0
Jeffrey Elliott,1.0
Jeffrey Patterson,1.0
Jenae Manganelli,1.0
Jenise Brenneis,1.0
Jennifer Fail,1.0
Jeremiah Estrada,1.0
Jeremiah Wilkins,1.0
Jeremy Dean,1.0
Jermaine Zientek,1.0
Jerold Ibara,1.0
Jerome Hines,1.0
Jerome Lloyd,1.0
Jerome Sanchez,1.0
Jerrica Earvin,1.0
Jeanice Amores,1.0
Jeanene Fearnow,1.0
Jaime Beasly,1.0
Jean Tansley,1.0
Jalisa Diekman,1.0
Jamar Cinkosky,1.0
Jamey Coriell,1.0
Jamey Edleston,1.0
Jane Burton,1.0
Jane Gonzalez,1.0
Janeth Magri,1.0
Janie Frank,1.0
Janie Kelly,1.0
Janie McLaughlin,1.0
Jason Bailey,1.0
Jason Harper,1.0
Jasper Langendorf,1.0
Jaunita Westen,1.0
Jayden Nichols,1.0
Jayne Cronoble,1.0
Jc Mihor,1.0
Jerry Pashal,1.0
Jerry Staudt,1.0
Jesse Webb,1.0
Jessika Flythe,1.0
Johnny Rios,1.0
Johnny Santos,1.0
Jolyn Mcconahy,1.0
Jong Whish,1.0
Jordan Bryan,1.0
Jordan Frank,1.0
Jordan Rodriguez,1.0
Jorge Russell,1.0
Jose Beck,1.0
Joseph Mitchell,1.0
Josephine Holloway,1.0
Jude Nehlsen,1.0
Jule Jerald,1.0
Jules Weddell,1.0
Julia Hunter,1.0
Julian Gomez,1.0
Julian Stephens,1.0
Johnny McCoy,1.0
Johnathon Persley,1.0
Johnathan Mcgeady,1.0
Jimmy Sunde,1.0
Jesus Atkins,1.0
Jetta Colliver,1.0
Jim Floyd,1.0
Jim Martinez,1.0
Jim Matthews,1.0
Jimmy Gardner,1.0
Jimmy Heverley,1.0
Jin Nunnelee,1.0
John Gutowski,1.0
Joan Longenecker,1.0
Joan Renze,1.0
Joane Beatley,1.0
Joaquina Raike,1.0
Joel Barker,1.0
Johanna Harvey,1.0
John Estrada,1.0
Jaimee Boutot,1.0
Jacquetta Ploch,1.0
Glory Lotta,1.0
Harriett Montgomery,1.0
Harvey Baldwin,1.0
Harvey Collins,1.0
Hattie Toniatti,1.0
Heath Makowsky,1.0
Helen Carse,1.0
Helen May,1.0
Helen Swanson,1.0
Helena Fuller,1.0
Henry Franklin,1.0
Herbert Dawson,1.0
Herbert Lindsey,1.0
Herbert Morales,1.0
Heriberto Zaxas,1.0
Herlinda Kalis,1.0
Hester Wilkins,1.0
Hettie Garcia,1.0
Hilary Draffin,1.0
Harry Collins,1.0
Harriet McGee,1.0
Jacquelyn Lerra,1.0
Hans Bordin,1.0
Gordon Wilkerson,1.0
Grace Henry,1.0
Grace Maldonado,1.0
Grace Russell,1.0
Grayce Hildring,1.0
Grazyna Kniesel,1.0
Greg Mccraney,1.0
Gregory Saunders,1.0
Gregory Steele,1.0
Diana Sahler,1.0
Gwyneth Ora,1.0
Haley Malet,1.0
Hallie Stagman,1.0
Hallie Vaughn,1.0
Han Fenrich,1.0
Hannah Holmquest,1.0
Hannah Schmidt,1.0
Hilda Griffith,1.0
Hilda McGee,1.0
Hildred Aycox,1.0
Horace Pennacchio,1.0
Irene Owen,1.0
Isa Bardin,1.0
Isabella Frazier,1.0
Isabelle Srour,1.0
Israel Blackwelder,1.0
Ivey Whitmyre,1.0
Ja Zabrocki,1.0
Jacinda Zoglmann,1.0
Jackeline Silbert,1.0
Jackson Hopkins,1.0
Jackson McBride,1.0
Jackson Pope,1.0
Jacob Elliott,1.0
Jacob Hudson,1.0
Jacob Vega,1.0
Jacqualine Huckeba,1.0
Jacquelin Dykema,1.0
Irene Lowe,1.0
Irene Kehres,1.0
Irene Frank,1.0
Ignacio Jansing,1.0
Houston Toleston,1.0
Howard Baker,1.0
Hsiu Hatchel,1.0
Hugh Vawter,1.0
Hulda Mason,1.0
Hulda Ramsey,1.0
Hunter Nelson,1.0
Ignacio Polynice,1.0
Ingrid Scarth,1.0
Ileen Terronez,1.0
Ilona Caneva,1.0
Imogene Sweed,1.0
Ina Howard,1.0
Ina Howell,1.0
India Sedler,1.0
Inger Mallory,1.0
Diane Cuti,1.0
Zulma Zaltz,1.0
Diamond Claessens,1.0
Bryan Clayton,1.0
Augustus Haselhorst,1.0
Aura Badon,1.0
Aurea Mcgahen,1.0
Austin Delgado,1.0
Autumn Irelan,1.0
Avelina Shauer,1.0
Ayanna Danker,1.0
Barabara Peat,1.0
Bari Hirai,1.0
Barry Nanasy,1.0
Bea Woessner,1.0
Beatrice Padilla,1.0
Beatrice Plemons,1.0
Beatrice Wilson,1.0
Beatriz Marzec,1.0
Beckie Barbur,1.0
Bee Owenby,1.0
Augusta Matthews,1.0
Asuncion Biffle,1.0
Arvilla Bochat,1.0
Ariel Russotti,1.0
Araceli Mohan,1.0
Aracelis Strimling,1.0
Ardelia Pandolfo,1.0
Arden Diepenbrock,1.0
Ardis Campi,1.0
Arie Mezick,1.0
Ariel Garibai,1.0
Ariel Scheidel,1.0
Arturo Scaturro,1.0
Armand Papenfuss,1.0
Armida Urabe,1.0
Arnita Connor,1.0
Arnold Kuzniar,1.0
Arnold Sharrieff,1.0
Arthur Cooper,1.0
Artie Pluff,1.0
Bee Shira,1.0
Belen Wehr,1.0
Bella Nardella,1.0
Breanne Spieler,1.0
Bobbie Janco,1.0
Bobby Rollock,1.0
Bobbye Wolpe,1.0
Brad Trapanese,1.0
Branda Fringer,1.0
Brande Mullany,1.0
Brandie Wormack,1.0
Brian Haynes,1.0
Blake Doyle,1.0
Briana Goldrick,1.0
Brice Ollom,1.0
Brigid Stien,1.0
Brittanie Romon,1.0
Brittny Quartaro,1.0
Bruce Arko,1.0
Bruce Rose,1.0
Blanche Morris,1.0
Blake Bryant,1.0
Berenice Balko,1.0
Beryl Caraig,1.0
Bernard Sullivan,1.0
Bernardo Ugolini,1.0
Bernice Banks,1.0
Bernice Ortiz,1.0
Bernie Munsen,1.0
Bertha Wilson,1.0
Bertie Cortez,1.0
Bess Manning,1.0
Blair Ghent,1.0
Bessie Cruz,1.0
Bethel Goblirsch,1.0
Betsy Lozowski,1.0
Bettie Maxwell,1.0
Beulah Gregory,1.0
Bianca Miccio,1.0
Birdie Floyd,1.0
Apryl Simson,1.0
Antwan Walinski,1.0
Antwan Scerra,1.0
Albert Sharp,1.0
Agripina Mahalko,1.0
Agustina Sondheimer,1.0
Agustina Tesseyman,1.0
Aiko Hsing,1.0
Alan Mitchell,1.0
Albert Fuller,1.0
Albert Leonard,1.0
Alec Lalata,1.0
Agatha Dady,1.0
Aleisha Junkersfeld,1.0
Alejandrina Thiry,1.0
Alejandro Ackman,1.0
Alejandro Swanson,1.0
Alfonzo Godby,1.0
Alfred Alvarez,1.0
Alfred Wolfe,1.0
Agatha Formato,1.0
Adrienne Brackenridge,1.0
Alida Zenbaver,1.0
Adele Parsons,1.0
Abbie Nydam,1.0
Abbie White,1.0
Abram Chrabasz,1.0
Ada Nash,1.0
Addie Hunter,1.0
Addie Rios,1.0
Adelaide Becker,1.0
Adele Santillo,1.0
Adriene Carbonella,1.0
Adeline Kachelmeyer,1.0
Adeline Maldonado,1.0
Adelle Marcisak,1.0
Adelle Schadel,1.0
Adrian Alexander,1.0
Adrianne Mabary,1.0
Adrien Bowline,1.0
Alfreda Shigemi,1.0
Allen Richardson,1.0
Antonio Howard,1.0
Angel Lane,1.0
Andre Arrezola,1.0
Andre Beck,1.0
Andre Erickson,1.0
Andre Weber,1.0
Andrew Broaddus,1.0
Andrew Sheeler,1.0
Andy Willmert,1.0
Angelena Prude,1.0
Amy Sparks,1.0
Angelika Moscato,1.0
Angeline Balock,1.0
Angelo Sorell,1.0
Annie Barrett,1.0
Anthony Jordahl,1.0
Antoine Dronet,1.0
Antonia Angiolillo,1.0
Ana Amirian,1.0
Amy Davidson,1.0
Allyson Heyser,1.0
Alvin Christensen,1.0
Alma Johnson,1.0
Alma Lowe,1.0
Alma Willams,1.0
Alona Kshywonis,1.0
Alpha Falasco,1.0
Alphonse Eggers,1.0
Alphonso Breitmeyer,1.0
Alvin Turner,1.0
Amiee Shula,1.0
Alysha Bracy,1.0
Amado Limage,1.0
Amelia Armstrong,1.0
Amelia Ballard,1.0
Amelia Gordon,1.0
Amelia Wright,1.0
Ami Hulslander,1.0
Bruce Soto,1.0
Bryon Pugeda,1.0
Dewitt Vautrin,1.0
Buddy Zurovec,1.0
Corine Tiry,1.0
Corinne Janowski,1.0
Cortney Eveleth,1.0
Cory Bogle,1.0
Cory Fuller,1.0
Cory Robbins,1.0
Craig Cannon,1.0
Craig Tucker,1.0
Cris Heming,1.0
Cuc Voedisch,1.0
Curtis Copeland,1.0
Curtis Delgado,1.0
Cyril Dushaj,1.0
Dahlia Slim,1.0
Dale Bell,1.0
Dale Buscemi,1.0
Dalton Cornette,1.0
Cora Ford,1.0
Connor Powers,1.0
Conchita Mollo,1.0
Claudia Hodges,1.0
Chun Kar,1.0
Clara Delgado,1.0
Clara Garrett,1.0
Clarence Colon,1.0
Clarence Harrington,1.0
Clarence Lucas,1.0
Clarence Washington,1.0
Clelia Kernagis,1.0
Concetta Kling,1.0
Clementina Winner,1.0
Cleveland Greany,1.0
Clyde Tran,1.0
Codi Paolini,1.0
Cody Kim,1.0
Collette Ehrenzeller,1.0
Conception Bruun,1.0
Damien Pliml,1.0
Daniel Benson,1.0
Daniel Clayton,1.0
Dennis Bishop,1.0
Delta Gulnac,1.0
Demetrice Laliberte,1.0
Denis Ewell,1.0
Denise Gschwend,1.0
Denisse Melish,1.0
Denna Vanorder,1.0
Dennis Allen,1.0
Denny Penniman,1.0
Delmy Tovmasyan,1.0
Deon Oliverson,1.0
Derek Malone,1.0
Derek Rogers,1.0
Derick Bitler,1.0
Devon Rossow,1.0
Devon Venne,1.0
Devora Betton,1.0
Junior Swinger,1.0
Debbra Smarra,1.0
Daniel Venzon,1.0
Darius Segota,1.0
Dann Blenker,1.0
Dannie Stephano,1.0
Danny Morton,1.0
Daphne Cassar,1.0
Darci Blasco,1.0
Darell Boscarino,1.0
Darin Devai,1.0
Darlene Dotie,1.0
Debbi Gorri,1.0
Darline Public,1.0
Darnell Stlouise,1.0
Darrell Moore,1.0
Darrell Vasquez,1.0
David Phillips,1.0
Davina Haessler,1.0
Deann Seumanu,1.0
Christopher Foster,1.0
Christopher Edwards,1.0
Christopher Bell,1.0
Cassandra Lapin,1.0
Carmelia Birtwell,1.0
Carmelina Manchel,1.0
Carole Heick,1.0
Caroline Vines,1.0
Carolyn Figueroa,1.0
Cary Crowl,1.0
Cassandra Lacosse,1.0
Cassaundra Valery,1.0
Carlos Grasty,1.0
Cassy Lipsie,1.0
Catherine Young,1.0
Cathi Kapuscinski,1.0
Cecelia Wehrli,1.0
Cecilia Bryan,1.0
Cedrick Huntsberry,1.0
Celia Hopkins,1.0
Carman Cheeseboro,1.0
Carlos Garner,1.0
Celia Townsend,1.0
Cameron Moran,1.0
Bulah Breheny,1.0
Caitlin Igartua,1.0
Calandra Mailhiot,1.0
Callie Austin,1.0
Calvin Bennett,1.0
Cameron Cohen,1.0
Cameron McBride,1.0
Cameron Rodgers,1.0
Carlie Kamel,1.0
Camie Radisovich,1.0
Candance Peffer,1.0
Candra Jaurigui,1.0
Caprice Schoenleber,1.0
Cari Running,1.0
Caridad Urena,1.0
Carli Cropsey,1.0
Celia Scott,1.0
Celsa Levo,1.0
Christina Murray,1.0
Chris Marsh,1.0
Cherelle Kuss,1.0
Cherrie Hedrick,1.0
Chester Butler,1.0
China Mondelli,1.0
Chloe Defino,1.0
Chloe Duncans,1.0
Chris Drake,1.0
Chris Pastorino,1.0
Chelsea Tendick,1.0
Chris Simpson,1.0
Christen Mosen,1.0
Christian Parks,1.0
Christian Tribbett,1.0
Christie Cotherman,1.0
Christina Barnes,1.0
Christina Bryan,1.0
Cherelle Almon,1.0
Chelsea Stromyer,1.0
Chad Drake,1.0
Charlott Curb,1.0
Chance Sirkoch,1.0
Chandra Monopoli,1.0
Chantal Taber,1.0
Charlette Senst,1.0
Charlie Porter,1.0
Charlie Robbins,1.0
Charlie Silva,1.0
Charmaine Smartt,1.0
Chaya Kuehnhold,1.0
Charolette Balasubramani,1.0
Charolette Mayville,1.0
Chase Griffith,1.0
Chase Huff,1.0
Chassidy Haby,1.0
Chassidy Kusuma,1.0
Chaya Blanzy,1.0
Deloras Lacerenza,1.0
Kate Mcglew,1.0
Justin Lopez,1.0
Rosy Koc,1.0
Ronni Evins,1.0
Ronnie Dixon,1.0
Ronnie McKinney,1.0
Ronny Heddleson,1.0
Rosalia Ridens,1.0
Rosalie Parks,1.0
Rosalind Anibal,1.0
Rosalva Turne,1.0
Rosanne Arnao,1.0
Rosaria Englehart,1.0
Rosario Trombley,1.0
Rosaura Montello,1.0
Rose Nunez,1.0
Rose Phillips,1.0
Roseanna Meers,1.0
Roseline Weatherby,1.0
Rosie Murray,1.0
Ronna Klevene,1.0
Ronald Harned,1.0
Romona Lifschitz,1.0
Rima Mcrill,1.0
Reynaldo Topacio,1.0
Rhoda Harris,1.0
Ricardo Ball,1.0
Richard Martin,1.0
Richard Patton,1.0
Richard Ramsey,1.0
Richard Toback,1.0
Robbie Tanzi,1.0
Romona Abdur,1.0
Robert Dean,1.0
Roberto Weisdorfer,1.0
Robin Storti,1.0
Robin Streeby,1.0
Rochell Jenab,1.0
Rodney Bush,1.0
Rodney Pearson,1.0
Rosina Heppler,1.0
Roxanne Blackerby,1.0
Renna Hlavacek,1.0
Roxie Cohen,1.0
Santana Maslak,1.0
Santiago Batten,1.0
Santiago Corsino,1.0
Sara Salazar,1.0
Sarah Arnold,1.0
Saturnina Lavzon,1.0
Sau Forsman,1.0
Scarlett Heldreth,1.0
Scott Patrick,1.0
Scottie Parnin,1.0
Sean Garrett,1.0
Seema Pachero,1.0
Seth Holtmeier,1.0
Shameka Gustafson,1.0
Shaniqua Babena,1.0
Shantay Hugh,1.0
Sharleen Frear,1.0
Sanjuana Lausen,1.0
Samuel Kim,1.0
Samuel Brady,1.0
Rudy Papenfuss,1.0
Roxie Morrison,1.0
Roy Keller,1.0
Roy Mendez,1.0
Roy Patterson,1.0
Ruby Bates,1.0
Ruby Rodriguez,1.0
Ruby Stevens,1.0
Rufina Isham,1.0
Sam Tyson,1.0
Russell Wilson,1.0
Rusty Volkmann,1.0
Ruth Cohen,1.0
Ryan Hampton,1.0
Salley Tupa,1.0
Sallie Mehlig,1.0
Sam Floyd,1.0
Ressie Macy,1.0
Renea Kohlmeyer,1.0
Shaun Costigan,1.0
Peter Jackson,1.0
Opal Felila,1.0
Ora Douglas,1.0
Oralee Frewing,1.0
Oswaldo Inmon,1.0
Otto Gardunio,1.0
Ouida Oxnam,1.0
Owen McBride,1.0
Owen Moss,1.0
Page Fron,1.0
Palmira Ebo,1.0
Patrice Whaltey,1.0
Pauletta Wickliffe,1.0
Paulette Barrete,1.0
Pauline Brock,1.0
Pauline Lloyd,1.0
Pearline Cherenfant,1.0
Pei Galm,1.0
Oneida Bolognia,1.0
Omega Taberski,1.0
Omar Reau,1.0
Norman Newton,1.0
Nida Kirtner,1.0
Niesha Werkmeister,1.0
Nina Ross,1.0
Noah Lites,1.0
Noe Schellenberge,1.0
Nora Andrews,1.0
Norman Banks,1.0
Norris Tombrello,1.0
Olivia Winningham,1.0
Octavia Janowiak,1.0
Octavia Medearis,1.0
Odell Igles,1.0
Ola Barton,1.0
Ola Carson,1.0
Oliver Cumbass,1.0
Olivia Marsh,1.0
Perry Braswell,1.0
Petronila Veno,1.0
Renato Rizzo,1.0
Phebe Tusing,1.0
Randell Shollenberger,1.0
Rasheeda Witthoeft,1.0
Ray Carroll,1.0
Ray Martinez,1.0
Ray Ortiz,1.0
Ray Thoeny,1.0
Raye Sankaran,1.0
Raylene Puri,1.0
Raymond Watts,1.0
Reba Rocque,1.0
Rebeca Mcelmarry,1.0
Regan Witfield,1.0
Regena Fegette,1.0
Regenia Mcbrearty,1.0
Reginald Elsaesser,1.0
Rema Sherrange,1.0
Rena Sheman,1.0
Randall Patrick,1.0
Randall Baker,1.0
Raina Lunter,1.0
Ping Poladian,1.0
Philip Norman,1.0
Philip Pratt,1.0
Phillip Wilkerson,1.0
Phoebe Fletcher,1.0
Phoebe Hawkins,1.0
Phuong Drouillard,1.0
Phylis Vermilya,1.0
Portia Maisonet,1.0
Raguel Spino,1.0
Preston Claverie,1.0
Providencia Chagnon,1.0
Pura Jepko,1.0
Quinn Ezzelle,1.0
Quinton Hennard,1.0
Racheal Shepheard,1.0
Rachele Ausland,1.0
Sharmaine Backbone,1.0
Shaun Phong,1.0
Kacie Holibaugh,1.0
Violet Moran,1.0
Vance Masteller,1.0
Vena Varley,1.0
Venice Curdy,1.0
Venita Abdulmateen,1.0
Venus Talas,1.0
Vera McCoy,1.0
Verlene Ludgate,1.0
Verna Sanchez,1.0
Vernon Garner,1.0
Vernon Ortega,1.0
Vicenta Carson,1.0
Victor Fields,1.0
Victoria Dean,1.0
Victoria Maldonado,1.0
Vincent Scott,1.0
Viola Gibson,1.0
Viola Zari,1.0
Valrie Demyers,1.0
Valorie Perrotti,1.0
Valorie Buquo,1.0
Tristan Sadat,1.0
Toya Laborde,1.0
Toya Vilello,1.0
Travis Garrett,1.0
Travis King,1.0
Trenton Allbert,1.0
Trenton Swetnam,1.0
Tristan Quivoz,1.0
Troy Sims,1.0
Valentine Schuering,1.0
Troy Wise,1.0
Trudy Ruel,1.0
Tuan Garrido,1.0
Tyler Agredano,1.0
Tyler Mann,1.0
Tynisha Basten,1.0
Tyrell Asencio,1.0
Violet McKinney,1.0
Virgie Russell,1.0
Torrie Mckibbens,1.0
Virginia Brundige,1.0
Wilda Imhoff,1.0
Wilhemina Tlatelpa,1.0
Will Neese,1.0
William Castro,1.0
Willie Gerlt,1.0
Willie Nunez,1.0
Winifred Willis,1.0
Winnie Andrews,1.0
Winnie Craig,1.0
Winnie Fletcher,1.0
Winston Bauce,1.0
Wyatt Tewksbury,1.0
Wynell Persyn,1.0
Yevette Koshiol,1.0
Yuki Zerba,1.0
Yulanda Maymon,1.0
Yuri Durfey,1.0
Weston Olinger,1.0
Wesley Curry,1.0
Wesley Algien,1.0
Wally Fiato,1.0
Vita Kinson,1.0
Viva Othman,1.0
Vivien Alpaugh,1.0
Von Bullock,1.0
Von Mammen,1.0
Vonnie Ben,1.0
Vonnie Erpelding,1.0
Walter Floyd,1.0
Wendy Gitchell,1.0
Walter Gomez,1.0
Walter Stockmaster,1.0
Warren Richards,1.0
Wen Swearngin,1.0
Wen Thone,1.0
Wendi Mammenga,1.0
Wendie Bardoner,1.0
Toshia Kestler,1.0
Tony Chambers,1.0
Shaunda Masias,1.0
Talisha Beirise,1.0
Stacey Molton,1.0
Staci Tarella,1.0
Stacia Tavana,1.0
Stanley Lindsey,1.0
Stefany Merck,1.0
Stella Fowler,1.0
Steve Morton,1.0
Sulema Weed,1.0
Sunshine Defouw,1.0
Susan Summers,1.0
Susannah Saxena,1.0
Susie Delgado,1.0
Susie Hunt,1.0
Susie Silva,1.0
Sylvia Gronitz,1.0
Tabatha Steinke,1.0
Tajuana Nawwar,1.0
Sophia Ingram,1.0
Sook Evanchyk,1.0
Sondra Nauman,1.0
Sheri Rowlison,1.0
Shavon Claus,1.0
Shawn Stokes,1.0
Shawnda Wirght,1.0
Shawnna Ouelette,1.0
Sheilah Reidhead,1.0
Shela Bento,1.0
Shelba Falknor,1.0
Sherilyn Coopwood,1.0
So Gunyon,1.0
Sherise Marolf,1.0
Shirlene Campellone,1.0
Shirley Dorrill,1.0
Shizuko Ambroz,1.0
Sigrid Thomases,1.0
Slyvia Ord,1.0
Slyvia Zoellick,1.0
Talia Dorantes,1.0
Tama Manoso,1.0
Tona Bonino,1.0
Tammi Mcnespey,1.0
Theresa West,1.0
Theron Hunziker,1.0
Thomas Garner,1.0
Thomas Ricciuti,1.0
Thomasena Rakow,1.0
Tiara Pimpare,1.0
Tiera Duhaime,1.0
Timothy Burns,1.0
Timothy Evans,1.0
Timothy Hamilton,1.0
Timothy Lee,1.0
Tish Niimi,1.0
Titus Mcgown,1.0
Tobi Lappi,1.0
Tommy Dixon,1.0
Tommy Robertson,1.0
Tomoko Krock,1.0
Theresa Murray,1.0
Theresa Lawrence,1.0
Theodore McBride,1.0
Taunya Banet,1.0
Tammie Trupp,1.0
Tanesha Paith,1.0
Tanesha Plemel,1.0
Tanika Okuno,1.0
Tanner Taglialatela,1.0
Tari Matyi,1.0
Tasia Flander,1.0
Teisha Metzner,1.0
Theda Myking,1.0
Tempie Reschke,1.0
Tequila Burlock,1.0
Terence Gorans,1.0
Teresita Warsham,1.0
Terra Tyeryar,1.0
Terresa Meylor,1.0
Tess Hellmann,1.0
Nettie Williams,1.0
Nena Sheeley,1.0
Nelle Slightam,1.0
Lina Morgan,1.0
Lettie Pittman,1.0
Letty Wight,1.0
Lewis Luhn,1.0
Lewis Reid,1.0
Lexie Konishi,1.0
Liana Silberg,1.0
Liane Colclasure,1.0
Lida Dixon,1.0
Lien Begor,1.0
Lila Gillings,1.0
Lilia Kyger,1.0
Lillie McBride,1.0
Lillie Sanders,1.0
Lilly Dawson,1.0
Lilly Jimenez,1.0
Lilly Jones,1.0
Lily Lacasa,1.0
Lesley Dea,1.0
Leroy Kim,1.0
Leroy Hamilton,1.0
Lela Soto,1.0
Lecia Newenle,1.0
Leda Brient,1.0
Lee Ray,1.0
Leesa Jacoby,1.0
Leighann Harney,1.0
Leila Fleming,1.0
Lela Bush,1.0
Lemuel Sterley,1.0
Leona Griffith,1.0
Lenna Reuter,1.0
Lenora Adams,1.0
Lenora Rivera,1.0
Lenora Robertson,1.0
Lenore Meachem,1.0
Leo Newman,1.0
Leon Fetterman,1.0
Lily Tran,1.0
Linda Gaiser,1.0
Leandro Tohill,1.0
Linnea Creque,1.0
Lottie Kim,1.0
Lottie Padilla,1.0
Lou Ross,1.0
Louetta Onkst,1.0
Louie Kuiper,1.0
Louie Scamardo,1.0
Louis Goodman,1.0
Louis Nickolich,1.0
Louisa Prestwood,1.0
Louise Hill,1.0
Louise Potter,1.0
Louise Robinson,1.0
Lucas Davidson,1.0
Lucas Dawson,1.0
Lucie Saden,1.0
Lucienne Tatsuta,1.0
Lucile Baker,1.0
Lorrine Zarrillo,1.0
Loria Schmeichel,1.0
Lori Arnaudet,1.0
Lizzie Reese,1.0
Linnea Tiley,1.0
Linnie Troche,1.0
Linwood Madyun,1.0
Lisette Dentler,1.0
Lizabeth Patee,1.0
Lizzie Bridges,1.0
Lizzie Neal,1.0
Lloyd Willis,1.0
Loreta Bachmann,1.0
Logan Cloonan,1.0
Logan Paul,1.0
Lois Lane,1.0
Loise Leidholt,1.0
Lola Bush,1.0
Loraine Truan,1.0
Lorean Bonadio,1.0
Leanora Hauze,1.0
Lawrence Mathis,1.0
Nelle Barker,1.0
Kittie Millisor,1.0
Kattie Bursley,1.0
Kayla Schum,1.0
Keith Beck,1.0
Keith Berry,1.0
Keith Holloway,1.0
Keith Williamson,1.0
Kellie Rhees,1.0
Kenneth Brooks,1.0
Kenneth Harper,1.0
Kera Roff,1.0
Keren Windauer,1.0
Kerstin Crumbliss,1.0
Kevin Kuss,1.0
Khalilah Lowenthal,1.0
Kiana Caspersen,1.0
Kieth Paredes,1.0
Kimberley Rigel,1.0
Katie Reynolds,1.0
Katie Larson,1.0
Katie Francis,1.0
Kassie Boarman,1.0
Kalyn Westbrook,1.0
Kam Ramsuer,1.0
Kanesha Tapio,1.0
Kareem Lott,1.0
Karl Kraushaar,1.0
Karon Lakhan,1.0
Kary Haldane,1.0
Zachariah Dorenfeld,1.0
Kathrine Varady,1.0
Katharina Christoffer,1.0
Katharine Conner,1.0
Katharine Ross,1.0
Katherin Sertuche,1.0
Katherine Hodges,1.0
Kathi Montcalm,1.0
Kathleen Ruffel,1.0
Kimbery Hammersmith,1.0
Kraig Pipes,1.0
Lawrence Campbell,1.0
Krista Jastremski,1.0
Latanya Strome,1.0
Latrice Angulo,1.0
Latrina Otomo,1.0
Laura Kelley,1.0
Laura Lyons,1.0
Lauran Perolta,1.0
Laureen Parkison,1.0
Lauretta Oakman,1.0
Laurie Shabel,1.0
Laurie Skimehorn,1.0
Laurinda Standberry,1.0
Lauryn Mcduff,1.0
Lauryn Moschetti,1.0
Lavenia Statler,1.0
Lavette Toure,1.0
Lavonne Guagliardo,1.0
Lawana Maldenado,1.0
Lashaun Funt,1.0
Lashanda Thongdy,1.0
Larue Beltran,1.0
Kylee Exler,1.0
Kristal Schaumann,1.0
Krystin Haggstrom,1.0
Krystyna Rosati,1.0
Kurtis Khaleel,1.0
Kyle Bequillard,1.0
Kyle Walterscheid,1.0
Kyle Williamson,1.0
Lakiesha Leftwich,1.0
Larry Kettinger,1.0
Lamont Swain,1.0
Larae Westmark,1.0
Larisa Mcallister,1.0
Larry Barrett,1.0
Larry Bishop,1.0
Larry Bowers,1.0
Larry Edwards,1.0
Lucile Jenkins,1.0
Lucinda Hammond,1.0
Lucinda Warren,1.0
Mikki Sparhawk,1.0
Mercy Gullace,1.0
Meredith Bakerville,1.0
Merlin Topal,1.0
Merrill Faraj,1.0
Mertie Headrick,1.0
Mia Perkins,1.0
Michael Jefferson,1.0
Michal Dani,1.0
Michale Frietas,1.0
Micheal Phelps,1.0
Michel Pyanowski,1.0
Mickey Wolansky,1.0
Micki Stanclift,1.0
Miesha Hincks,1.0
Miguel Brock,1.0
Miguel Jordan,1.0
Miguelina Prizio,1.0
Mercy Gavina,1.0
Mercy Corkran,1.0
Melvin Howard,1.0
Matt Rountree,1.0
Mason Dean,1.0
Mason Rivera,1.0
Mathew Decraene,1.0
Mathilde Alsip,1.0
Matilda Blute,1.0
Matilda Hicks,1.0
Matilda Wise,1.0
Maud Stewart,1.0
Melvin Burgess,1.0
Maude Morawski,1.0
Maurice Koloski,1.0
May Daniel,1.0
Maybell Hodell,1.0
Mayme Wise,1.0
Meagan Demarrais,1.0
Melodee Greenhill,1.0
Mike Stewarts,1.0
Milda Neske,1.0
Lucy Fisher,1.0
Mildred Garcia,1.0
Moon Alverson,1.0
Myesha Tomasson,1.0
Myrtie Hansen,1.0
Myrtle Berry,1.0
Myrtle Reeves,1.0
Myrtle Stiers,1.0
Myrtle Summers,1.0
Nancee Vanfleet,1.0
Nannie Patterson,1.0
Napoleon Oakman,1.0
Natalia Woehrle,1.0
Nathalie Natsis,1.0
Neely Biasotti,1.0
Neely Presgraves,1.0
Neil Borries,1.0
Nelia Sirak,1.0
Nell Gill,1.0
Monika Sylney,1.0
Monica Broomell,1.0
Modesta Hausrath,1.0
Minna Antony,1.0
Mildred Lindsey,1.0
Milford Pollitt,1.0
Milton Pratt,1.0
Milton Stanley,1.0
Milton Stephens,1.0
Minerva Herrera,1.0
Minerva Higgins,1.0
Minnie Lane,1.0
Mitzie Chieng,1.0
Minnie Ray,1.0
Minnie Ryan,1.0
Minnie Wagner,1.0
Minta Iuliano,1.0
Miranda Schenck,1.0
Mittie Brady,1.0
Mittie Manning,1.0
Masako Lemm,1.0
Marylynn Teneyck,1.0
Marylee Fune,1.0
Maryland Berri,1.0
Madeline Tinoco,1.0
Madge Glover,1.0
Madonna Channing,1.0
Mae Binnicker,1.0
Maegan Munnis,1.0
Magali Billiot,1.0
Magali Stottlar,1.0
Magaly Boyarsky,1.0
Magaret Benhaim,1.0
Magdalen Marcin,1.0
Maggie Burke,1.0
Maire Hoffmeyer,1.0
Malia Renzelman,1.0
Malik Conell,1.0
Mallie Delduca,1.0
Mallory Bettman,1.0
Malorie Arboleda,1.0
Madelaine Becraft,1.0
Madalyn Mckittrick,1.0
Madaline Kreitzer,1.0
Lura Chapman,1.0
Luis Poirer,1.0
Luke Atkins,1.0
Lulu Giefer,1.0
Lulu Gomez,1.0
Lulu Nunez,1.0
Lulu Walton,1.0
Lura Boyd,1.0
Lurlene Creque,1.0
Mackenzie Beason,1.0
Lydia Gonzales,1.0
Lynda Knobel,1.0
Lyndia Belanger,1.0
Lynell Plomma,1.0
Ma Lippoldt,1.0
Mabelle McKenzie,1.0
Mable Berry,1.0
Mamie Glover,1.0
Mamie Hrbacek,1.0
Mamie Myers,1.0
Marisol Donlin,1.0
Marian Andrews,1.0
Marian Ball,1.0
Marian Morales,1.0
Marian Powell,1.0
Marie Horton,1.0
Marie Martin,1.0
Marie Walton,1.0
Marquetta Haygood,1.0
Maria Montgomery,1.0
Marshall Roder,1.0
Marshall Sauce,1.0
Martha Moran,1.0
Martha Sims,1.0
Marvin Holmes,1.0
Marya Hahm,1.0
Maryjo Days,1.0
Maria Thomas,1.0
Marguerite Cobb,1.0
Man Nordes,1.0
Marcus Cannon,1.0
Manuel Elliott,1.0
Marc Butler,1.0
Marc Knight,1.0
Marc Lajza,1.0
Marcelo Shauger,1.0
Marchelle Carden,1.0
Marcos Guccione,1.0
Margaret Erickson,1.0
Marguerite Chavez,1.0
Margaret Rawle,1.0
Margaret Watts,1.0
Margarete Leathers,1.0
Margarete Ochalek,1.0
Margert Brackelsberg,1.0
Margrett Eckle,1.0
Marguerita Gutierre,1.0
Aaron Glover,1.0
